%time,field.header.seq,field.header.stamp,field.header.frame_id,field.twist.linear.x,field.twist.linear.y,field.twist.linear.z,field.twist.angular.x,field.twist.angular.y,field.twist.angular.z
1670366084253256060,49,1670366084252577505,,0.0,0.0,0.0,0.0,0.0,0.0
1670366084357151579,50,1670366084356564356,,0.0,0.0,0.0,0.0,0.0,0.0
1670366084461141523,51,1670366084460569430,,0.0,0.0,0.0,0.0,0.0,0.0
1670366084565166375,52,1670366084564604356,,0.0,0.0,0.0,0.0,0.0,0.0
1670366084669129078,53,1670366084668559449,,0.0,0.0,0.0,0.0,0.0,0.0
1670366084773120949,54,1670366084772565338,,0.0,0.0,0.0,0.0,0.0,0.0
1670366084877197134,55,1670366084876629837,,0.0,0.0,0.0,0.0,0.0,0.0
1670366084981276263,56,1670366084980573060,,0.0,0.0,0.0,0.0,0.0,0.0
1670366085085199060,57,1670366085084565911,,0.0,0.0,0.0,0.0,0.0,0.0
1670366085189211689,58,1670366085188561245,,0.0,0.0,0.0,0.0,0.0,0.0
1670366085293133485,59,1670366085292559504,,0.0,0.0,0.0,0.0,0.0,0.0
1670366085397063485,60,1670366085396527726,,0.0,0.0,0.0,0.0,0.0,0.0
1670366085501184448,61,1670366085500563541,,0.0,0.0,0.0,0.0,0.0,0.0
1670366085605158263,62,1670366085604595800,,0.0,0.0,0.0,0.0,0.0,0.0
1670366085709101189,63,1670366085708552559,,0.0,0.0,0.0,0.0,0.0,0.0
1670366085813161855,64,1670366085812556855,,0.0,0.0,0.0,0.0,0.0,0.0
1670366085917222689,65,1670366085916589670,,0.0,0.0,0.0,0.0,0.0,0.0
1670366086021096448,66,1670366086020538929,,0.0,0.0,0.0,0.0,0.0,0.0
1670366086125186226,67,1670366086124566540,,0.0,0.0,0.0,0.0,0.0,0.0
1670366086229207818,68,1670366086228600448,,0.0,0.0,0.0,0.0,0.0,0.0
1670366086333151911,69,1670366086332552633,,0.0,0.0,0.0,0.0,0.0,0.0
1670366086437149855,70,1670366086436549762,,0.0,0.0,0.0,0.0,0.0,0.0
1670366086541152670,71,1670366086540553985,,0.0,0.0,0.0,0.0,0.0,0.0
1670366086645171633,72,1670366086644555966,,0.0,0.0,0.0,0.0,0.0,0.0
1670366086749130188,73,1670366086748547040,,0.0,0.0,0.0,0.0,0.0,0.0
1670366086853146799,74,1670366086852537892,,0.0,0.0,0.0,0.0,0.0,0.0
1670366086957182725,75,1670366086956563855,,0.0,0.0,0.0,0.0,0.0,0.0
1670366087061265392,76,1670366087060600818,,0.0,0.0,0.0,0.0,0.0,0.0
1670366087165168799,77,1670366087164561429,,0.0,0.0,0.0,0.0,0.0,0.0
1670366087269169040,78,1670366087268558540,,0.0,0.0,0.0,0.0,0.0,0.0
1670366087373184836,79,1670366087372579892,,0.0,0.0,0.0,0.0,0.0,0.0
1670366087477173614,80,1670366087476561280,,0.0,0.0,0.0,0.0,0.0,0.0
1670366087581136725,81,1670366087580552003,,0.0,0.0,0.0,0.0,0.0,0.0
1670366087685239854,82,1670366087684588928,,0.0,0.0,0.0,0.0,0.0,0.0
1670366087789220336,83,1670366087788603317,,0.0,0.0,0.0,0.0,0.0,0.0
1670366087893330484,84,1670366087892662428,,0.0,0.0,0.0,0.0,0.0,0.0
1670366087941237502,85,1670366087940641817,,0.0,0.0,0.0,0.0,0.0,0.0
1670366087989229113,86,1670366087988634169,,0.0,0.0,0.0,0.0,0.0,0.0
1670366088021186613,87,1670366088020595336,,0.0,0.0,0.0,0.0,0.0,0.0
1670366088069185873,88,1670366088068586447,,0.0,0.0,0.0,0.0,0.0,0.0
1670366088101314687,89,1670366088100649410,,0.0,0.0,0.0,0.0,0.0,0.0
1670366088149143873,90,1670366088148584558,,0.0,0.0,0.0,0.0,0.0,0.0
1670366088197235261,91,1670366088196608058,,0.0,0.0,0.0,0.0,0.0,0.0
1670366088229152169,92,1670366088228598965,,0.0,0.0,0.0,0.0,0.0,0.0
1670366088277225724,93,1670366088276631984,,0.0,0.0,0.0,0.0,0.0,0.0
1670366088309097428,94,1670366088308572891,,0.0,0.0,0.0,0.0,0.0,0.0
1670366088357152484,95,1670366088356593724,,0.0,0.0,0.0,0.0,0.0,0.0
1670366088405228724,96,1670366088404609206,,0.0,0.0,0.0,0.0,0.0,0.0
1670366088437106854,97,1670366088436576076,,0.0,0.0,0.0,0.0,0.0,0.0
1670366088485001872,98,1670366088484505558,,0.0,0.0,0.0,0.0,0.0,0.0
1670366088517256983,99,1670366088516654817,,0.0,0.0,0.0,0.0,0.0,0.0
1670366088565168446,100,1670366088564621465,,0.0,0.0,0.0,0.0,0.0,0.0
1670366088613227483,101,1670366088612609835,,0.0,0.0,0.0,0.0,0.0,0.0
1670366088645172613,102,1670366088644605576,,0.0,0.0,0.0,0.0,0.0,0.0
1670366088693168169,103,1670366088692583743,,0.0,0.0,0.0,0.0,0.0,0.0
1670366088725168113,104,1670366088724576965,,0.0,0.0,0.0,0.0,0.0,0.0
1670366088773074631,105,1670366088772542168,,0.0,0.0,0.0,0.0,0.0,0.0
1670366088821135743,106,1670366088820543502,,0.0,0.0,0.0,0.0,0.0,0.0
1670366088853070576,107,1670366088852522780,,0.0,0.0,0.0,0.0,0.0,0.0
1670366088901157113,108,1670366088900556631,,0.0,0.0,0.0,0.0,0.0,0.0
1670366088933060372,109,1670366088932528224,,0.0,0.0,0.0,0.0,0.0,0.0
1670366088981102039,110,1670366088980512428,,0.0,0.0,0.0,0.0,0.0,0.0
1670366089029058057,111,1670366089028500391,,0.0,0.0,0.0,0.0,0.0,0.0
1670366089061052057,112,1670366089060487557,,0.0,0.0,0.0,0.0,0.0,0.0
1670366089109303761,113,1670366089108574131,,0.0,0.0,0.0,0.0,0.0,0.0
1670366089141019705,114,1670366089140467298,,0.0,0.0,0.0,0.0,0.0,0.0
1670366089189074279,115,1670366089188481816,,0.0,0.0,0.0,0.0,0.0,0.0
1670366089237073742,116,1670366089236479724,,0.0,0.0,0.0,0.0,0.0,0.0
1670366089269003946,117,1670366089268459298,,0.0,0.0,0.0,0.0,0.0,0.0
1670366089317105150,118,1670366089316490205,,0.0,0.0,0.0,0.0,0.0,0.0
1670366089365056001,119,1670366089364469205,,0.0,0.0,0.0,0.0,0.0,0.0
1670366089396922742,120,1670366089396346501,,0.0,0.0,0.0,0.0,0.0,0.0
1670366089412815446,121,1670366089412348372,,0.0,0.0,0.0,0.0,0.0,0.0
1670366089445004298,122,1670366089444432094,,0.0,0.0,0.0,0.0,0.0,0.0
1670366089492996464,123,1670366089492420057,,0.0,0.0,0.0,0.0,0.0,0.0
1670366089525034168,124,1670366089524439946,,0.0,0.0,0.0,0.0,0.0,0.0
1670366089572990705,125,1670366089572400520,,0.0,0.0,0.0,0.0,0.0,0.0
1670366089604923038,126,1670366089604322149,,0.0,0.0,0.0,0.0,0.0,0.0
1670366089620822038,127,1670366089620315261,,0.0,0.0,0.0,0.0,0.0,0.0
1670366089652929946,128,1670366089652401631,,0.0,0.0,0.0,0.0,0.0,0.0
1670366089701032742,129,1670366089700441705,,0.0,0.0,0.0,0.0,0.0,0.0
1670366089732938409,130,1670366089732390020,,0.0,0.0,0.0,0.0,0.0,0.0
1670366089780946075,131,1670366089780380779,,0.0,0.0,0.0,0.0,0.0,0.0
1670366089828932390,132,1670366089828368779,,0.0,0.0,0.0,0.0,0.0,0.0
1670366089860906205,133,1670366089860350723,,0.0,0.0,0.0,0.0,0.0,0.0
1670366089908962946,134,1670366089908376353,,0.0,0.0,0.0,0.0,0.0,0.0
1670366089940973316,135,1670366089940387483,,0.0,0.0,0.0,0.0,0.0,0.0
1670366089988946001,136,1670366089988364279,,0.0,0.0,0.0,0.0,0.0,0.0
1670366090036990983,137,1670366090036383834,,0.0,0.0,0.0,0.0,0.0,0.0
1670366090068936946,138,1670366090068390297,,0.0,0.0,0.0,0.0,0.0,0.0
1670366090116958297,139,1670366090116349908,,0.0,0.0,0.0,0.0,0.0,0.0
1670366090148878631,140,1670366090148321316,,0.0,0.0,0.0,0.0,0.0,0.0
1670366090196866186,141,1670366090196305760,,0.0,0.0,0.0,0.0,0.0,0.0
1670366090244911186,142,1670366090244316945,,0.0,0.0,0.0,0.0,0.0,0.0
1670366090276982779,143,1670366090276314982,,0.0,0.0,0.0,0.0,0.0,0.0
1670366090324904575,144,1670366090324319001,,0.0,0.0,0.0,0.0,0.0,0.0
1670366090356842519,145,1670366090356231945,,0.0,0.0,0.0,0.0,0.0,0.0
1670366090404890519,146,1670366090404295853,,0.0,0.0,0.0,0.0,0.0,0.0
1670366090452838297,147,1670366090452227538,,0.0,0.0,0.0,0.0,0.0,0.0
1670366090484852186,148,1670366090484227316,,0.0,0.0,0.0,0.0,0.0,0.0
1670366090532852927,149,1670366090532232704,,0.0,0.0,0.0,0.0,0.0,0.0
1670366090637126945,150,1670366090636559316,,0.0,0.0,0.0,0.0,0.0,0.0
1670366090741138908,151,1670366090740553167,,0.0,0.0,0.0,0.0,0.0,0.0
1670366090845323556,152,1670366090844614075,,0.0,0.0,0.0,0.0,0.0,0.0
1670366090949197019,153,1670366090948568019,,0.0,0.0,0.0,0.0,0.0,0.0
1670366091053189315,154,1670366091052572908,,0.0,0.0,0.0,0.0,0.0,0.0
1670366091157190797,155,1670366091156603815,,0.0,0.0,0.0,0.0,0.0,0.0
1670366091261132074,156,1670366091260552852,,0.0,0.0,0.0,0.0,0.0,0.0
1670366091365123889,157,1670366091364556723,,0.0,0.0,0.0,0.0,0.0,0.0
1670366091469168593,158,1670366091468595130,,0.0,0.0,0.0,0.0,0.0,0.0
1670366091573156963,159,1670366091572569074,,0.0,0.0,0.0,0.0,0.0,0.0
1670366091677128093,160,1670366091676551148,,0.0,0.0,0.0,0.0,0.0,0.0
1670366091781123407,161,1670366091780559370,,0.0,0.0,0.0,0.0,0.0,0.0
1670366091885258389,162,1670366091884562185,,0.0,0.0,0.0,0.0,0.0,0.0
1670366091989186685,163,1670366091988565648,,0.0,0.0,0.0,0.0,0.0,0.0
1670366092093233055,164,1670366092092601389,,0.0,0.0,0.0,0.0,0.0,0.0
1670366092197182833,165,1670366092196563111,,0.0,0.0,0.0,0.0,0.0,0.0
1670366092301241407,166,1670366092300592129,,0.0,0.0,0.0,0.0,0.0,0.0
1670366092405134518,167,1670366092404563092,,0.0,0.0,0.0,0.0,0.0,0.0
1670366092509130259,168,1670366092508560481,,0.0,0.0,0.0,0.0,0.0,0.0
1670366092613119963,169,1670366092612557759,,0.0,0.0,0.0,0.0,0.0,0.0
1670366092717179777,170,1670366092716574351,,0.0,0.0,0.0,0.0,0.0,0.0
1670366092821155796,171,1670366092820571073,,0.0,0.0,0.0,0.0,0.0,0.0
1670366092925173222,172,1670366092924571129,,0.0,0.0,0.0,0.0,0.0,0.0
1670366093029181129,173,1670366093028580647,,0.0,0.0,0.0,0.0,0.0,0.0
1670366093133178203,174,1670366093132564333,,0.0,0.0,0.0,0.0,0.0,0.0
1670366093237161999,175,1670366093236557240,,0.0,0.0,0.0,0.0,0.0,0.0
1670366093341140203,176,1670366093340550166,,0.0,0.0,0.0,0.0,0.0,0.0
1670366093445150869,177,1670366093444590703,,0.0,0.0,0.0,0.0,0.0,0.0
1670366093549152721,178,1670366093548550999,,0.0,0.0,0.0,0.0,0.0,0.0
1670366093653124666,179,1670366093652546869,,0.0,0.0,0.0,0.0,0.0,0.0
1670366093757173054,180,1670366093756562888,,0.0,0.0,0.0,0.0,0.0,0.0
1670366093861189443,181,1670366093860596443,,0.0,0.0,0.0,0.0,0.0,0.0
1670366093965202573,182,1670366093964581610,,0.0,0.0,0.0,0.0,0.0,0.0
1670366094069219962,183,1670366094068618591,,0.0,0.0,0.0,0.0,0.0,0.0
1670366094173149925,184,1670366094172554684,,0.0,0.0,0.0,0.0,0.0,0.0
1670366094277300869,185,1670366094276686054,,0.0,0.0,0.0,0.0,0.0,0.0
1670366094381134443,186,1670366094380558036,,0.0,0.0,0.0,0.0,0.0,0.0
1670366094485158258,187,1670366094484554943,,0.0,0.0,0.0,0.0,0.0,0.0
1670366094589142887,188,1670366094588550961,,0.0,0.0,0.0,0.0,0.0,0.0
1670366094693142146,189,1670366094692550850,,0.0,0.0,0.0,0.0,0.0,0.0
1670366094797156350,190,1670366094796598276,,0.0,0.0,0.0,0.0,0.0,0.0
1670366094900122628,191,1670366094899543054,,0.43376988915314485,0.0,0.0,0.0,0.0,0.0
1670366094948099646,192,1670366094947515202,,0.5123462063386838,0.0,0.0,0.0,0.0,0.0
1670366094980013517,193,1670366094979436109,,0.07857631718553892,0.0,0.0,0.0,0.0,0.0
1670366094995991072,194,1670366094995435609,,0.0,0.0,0.0,0.0,0.0,0.0
1670366095028008757,195,1670366095027486831,,0.2441642712270273,0.0,0.0,0.0,0.0,0.0
1670366095076125702,196,1670366095075545850,,0.33472390226668847,0.0,0.0,0.0,0.0,0.0
1670366095108053202,197,1670366095107494072,,0.22672549395732397,0.0,0.0,0.0,0.0,0.0
1670366095155947980,198,1670366095155426572,,0.23294842872318483,0.0,0.0,0.0,0.0,0.0
1670366095187944424,199,1670366095187382572,,0.09678256580552205,0.0,0.0,0.0,0.0,0.0
1670366095203819109,200,1670366095203332128,,0.0,0.0,0.0,0.0,0.0,0.0
1670366095236085535,201,1670366095235479331,,0.29806017021945386,0.0,0.0,0.0,0.0,0.0
1670366095284038683,202,1670366095283467276,,0.40078078722657073,0.0,0.0,0.0,0.0,0.0
1670366095316026776,203,1670366095315472646,,0.25678178341514524,0.0,0.0,0.0,0.0,0.0
1670366095363905350,204,1670366095363406831,,0.2689696039865327,0.0,0.0,0.0,0.0,0.0
1670366095395886405,205,1670366095395334535,,0.11490843757850427,0.0,0.0,0.0,0.0,0.0
1670366095411769109,206,1670366095411313702,,0.0,0.0,0.0,0.0,0.0,0.0
1670366095443969887,207,1670366095443401202,,0.34368207250144855,0.0,0.0,0.0,0.0,0.0
1670366095492085609,208,1670366095491461405,,0.46442978313005967,0.0,0.0,0.0,0.0,0.0
1670366095523998887,209,1670366095523439276,,0.30207578369707166,0.0,0.0,0.0,0.0,0.0
1670366095571987924,210,1670366095571422868,,0.3082485634875682,0.0,0.0,0.0,0.0,0.0
1670366095620001461,211,1670366095619435646,,0.2537791917188805,0.0,0.0,0.0,0.0,0.0
1670366095651969072,212,1670366095651420238,,0.3263359770392432,0.0,0.0,0.0,0.0,0.0
1670366095699967461,213,1670366095699399831,,0.3384982032454129,0.0,0.0,0.0,0.0,0.0
1670366095731990775,214,1670366095731415109,,0.3474145280915194,0.0,0.0,0.0,0.0,0.0
1670366095779922350,215,1670366095779387905,,0.34742182166779567,0.0,0.0,0.0,0.0,0.0
1670366095827937849,216,1670366095827373294,,0.28406716706085866,0.0,0.0,0.0,0.0,0.0
1670366095859697609,217,1670366095859256516,,0.37213633128897877,0.0,0.0,0.0,0.0,0.0
1670366095907972109,218,1670366095907372072,,0.3779481597501256,0.0,0.0,0.0,0.0,0.0
1670366095939964294,219,1670366095939381701,,0.3864232859395678,0.0,0.0,0.0,0.0,0.0
1670366095987797238,220,1670366095987297553,,0.39284138606431673,0.0,0.0,0.0,0.0,0.0
1670366096035997979,221,1670366096035372164,,0.3202693591735115,0.0,0.0,0.0,0.0,0.0
1670366096067882516,222,1670366096067335664,,0.4078724880112896,0.0,0.0,0.0,0.0,0.0
1670366096115893997,223,1670366096115332053,,0.4140607985534792,0.0,0.0,0.0,0.0,0.0
1670366096147919534,224,1670366096147356997,,0.4227883709777671,0.0,0.0,0.0,0.0,0.0
1670366096195881109,225,1670366096195321423,,0.42893230407786404,0.0,0.0,0.0,0.0,0.0
1670366096243909942,226,1670366096243335534,,0.3505437006998683,0.0,0.0,0.0,0.0,0.0
1670366096275798553,227,1670366096275252553,,0.4475479069526995,0.0,0.0,0.0,0.0,0.0
1670366096323866368,228,1670366096323305516,,0.4534760962057952,0.0,0.0,0.0,0.0,0.0
1670366096355852997,229,1670366096355286812,,0.4622810078954708,0.0,0.0,0.0,0.0,0.0
1670366096403849016,230,1670366096403285923,,0.47448137041978483,0.0,0.0,0.0,0.0,0.0
1670366096451860349,231,1670366096451281571,,0.38672306879093055,0.0,0.0,0.0,0.0,0.0
1670366096483921423,232,1670366096483287979,,0.4835613782366679,0.0,0.0,0.0,0.0,0.0
1670366096532007331,233,1670366096531311368,,0.48944051593984816,0.0,0.0,0.0,0.0,0.0
1670366096563798960,234,1670366096563250682,,0.5077597297073064,0.0,0.0,0.0,0.0,0.0
1670366096611812497,235,1670366096611237497,,0.5139571517962745,0.0,0.0,0.0,0.0,0.0
1670366096659868016,236,1670366096659266719,,0.4108254296923959,0.0,0.0,0.0,0.0,0.0
1670366096691700830,237,1670366096691198997,,0.5320035859452956,0.0,0.0,0.0,0.0,0.0
1670366096739851701,238,1670366096739248127,,0.5380344478683297,0.0,0.0,0.0,0.0,0.0
1670366096771752275,239,1670366096771219293,,0.5469073203338706,0.0,0.0,0.0,0.0,0.0
1670366096819706238,240,1670366096819115941,,0.3355111330755041,0.0,0.0,0.0,0.0,0.0
1670366096835728275,241,1670366096835138367,,0.0,0.0,0.0,0.0,0.0,0.0
1670366096867724719,242,1670366096867195960,,0.7326197199334226,0.0,0.0,0.0,0.0,0.0
1670366096915774534,243,1670366096915212127,,0.9621445196610581,0.0,0.0,0.0,0.0,0.0
1670366096947730367,244,1670366096947170719,,0.5742461153793731,0.0,0.0,0.0,0.0,0.0
1670366096995780349,245,1670366096995199997,,0.5802996907649961,0.0,0.0,0.0,0.0,0.0
1670366097043857034,246,1670366097043224701,,0.477182219746907,0.0,0.0,0.0,0.0,0.0
1670366097075720978,247,1670366097075174312,,0.6045495419499528,0.0,0.0,0.0,0.0,0.0
1670366097123738404,248,1670366097123165145,,0.6107212294387456,0.0,0.0,0.0,0.0,0.0
1670366097155756589,249,1670366097155173571,,0.6193029924388388,0.0,0.0,0.0,0.0,0.0
1670366097203754941,250,1670366097203144515,,0.6254326228191416,0.0,0.0,0.0,0.0,0.0
1670366097251764775,251,1670366097251166015,,0.5076016219791081,0.0,0.0,0.0,0.0,0.0
1670366097283695812,252,1670366097283126275,,0.6437279428677487,0.0,0.0,0.0,0.0,0.0
1670366097331690589,253,1670366097331132682,,0.6498195400865131,0.0,0.0,0.0,0.0,0.0
1670366097363704812,254,1670366097363126774,,0.6587178992547771,0.0,0.0,0.0,0.0,0.0
1670366097411682367,255,1670366097411111460,,0.6648336570228031,0.0,0.0,0.0,0.0,0.0
1670366097459710145,256,1670366097459127126,,0.5377572077819979,0.0,0.0,0.0,0.0,0.0
1670366097561193219,257,1670366097560575404,,0.2718533933188436,0.0,0.0,0.0,0.0,0.0
1670366097665146015,258,1670366097664547737,,0.0,0.0,0.0,0.0,0.0,0.0
1670366097769139478,259,1670366097768549182,,0.0,0.0,0.0,0.0,0.0,0.0
1670366097873142978,260,1670366097872545885,,0.0,0.0,0.0,0.0,0.0,0.0
1670366097977145107,261,1670366097976552682,,0.0,0.0,0.0,0.0,0.0,0.0
1670366098081192144,262,1670366098080565681,,0.0,0.0,0.0,0.0,0.0,0.0
1670366098185174255,263,1670366098184565552,,0.0,0.0,0.0,0.0,0.0,0.0
1670366098289146311,264,1670366098288550441,,0.0,0.0,0.0,0.0,0.0,0.0
1670366098393140033,265,1670366098392549737,,0.0,0.0,0.0,0.0,0.0,0.0
1670366098497172144,266,1670366098496558978,,0.0,0.0,0.0,0.0,0.0,0.0
1670366098601169959,267,1670366098600576292,,0.0,0.0,0.0,0.0,0.0,0.0
1670366098705142051,268,1670366098704550200,,0.0,0.0,0.0,0.0,0.0,0.0
1670366098809139737,269,1670366098808546940,,0.0,0.0,0.0,0.0,0.0,0.0
1670366098913254699,270,1670366098912550366,,0.0,0.0,0.0,0.0,0.0,0.0
1670366099016983051,271,1670366099016496070,,0.0,0.0,0.0,0.0,0.0,0.0
1670366099121154903,272,1670366099120554940,,0.0,0.0,0.0,0.0,0.0,0.0
1670366099225158607,273,1670366099224565162,,0.0,0.0,0.0,0.0,0.0,0.0
1670366099329202699,274,1670366099328600236,,0.0,0.0,0.0,0.0,0.0,0.0
1670366099433193884,275,1670366099432591829,,0.0,0.0,0.0,0.0,0.0,0.0
1670366099537171995,276,1670366099536566644,,0.0,0.0,0.0,0.0,0.0,0.0
1670366099641135736,277,1670366099640563292,,0.0,0.0,0.0,0.0,0.0,0.0
1670366099745122310,278,1670366099744559551,,0.0,0.0,0.0,0.0,0.0,0.0
1670366099849132032,279,1670366099848562606,,0.0,0.0,0.0,0.0,0.0,0.0
1670366099953125662,280,1670366099952566069,,0.0,0.0,0.0,0.0,0.0,0.0
1670366100057160162,281,1670366100056563699,,0.0,0.0,0.0,0.0,0.0,0.0
1670366100161171032,282,1670366100160602199,,0.0,0.0,0.0,0.0,0.0,0.0
1670366100265123754,283,1670366100264550476,,0.0,0.0,0.0,0.0,0.0,0.0
1670366100369113365,284,1670366100368551921,,0.0,0.0,0.0,0.0,0.0,0.0
1670366100473146199,285,1670366100472561624,,0.0,0.0,0.0,0.0,0.0,0.0
1670366100577144013,286,1670366100576559624,,0.0,0.0,0.0,0.0,0.0,0.0
1670366100681135069,287,1670366100680566180,,0.0,0.0,0.0,0.0,0.0,0.0
1670366100785146643,288,1670366100784591550,,0.0,0.0,0.0,0.0,0.0,0.0
1670366100889266846,289,1670366100888632735,,0.0,0.0,0.0,0.0,0.0,0.0
1670366100993235439,290,1670366100992626698,,0.0,0.0,0.0,0.0,0.0,0.0
1670366101097232328,291,1670366101096633217,,0.0,0.0,0.0,0.0,0.0,0.0
1670366101201163031,292,1670366101200565846,,0.0,0.0,0.0,0.0,0.0,0.0
1670366101305124494,293,1670366101304549254,,0.0,0.0,0.0,0.0,0.0,0.0
1670366101409123939,294,1670366101408553772,,0.0,0.0,0.0,0.0,0.0,0.0
1670366101513144198,295,1670366101512567568,,0.0,0.0,0.0,0.0,0.0,0.0
1670366101617060328,296,1670366101616527124,,0.0,0.0,0.0,0.0,0.0,0.0
1670366101721161568,297,1670366101720557198,,0.0,0.0,0.0,0.0,0.0,0.0
1670366101825153364,298,1670366101824597272,,0.0,0.0,0.0,0.0,0.0,0.0
1670366101929118975,299,1670366101928557068,,0.0,0.0,0.0,0.0,0.0,0.0
1670366102018873383,300,1670366102018325475,,-0.371381921595764,0.0,0.0,0.0,0.0,0.0
1670366102067011531,301,1670366102066392049,,-0.5947904228326625,0.0,0.0,0.0,0.0,0.0
1670366102114959457,302,1670366102114365272,,-0.4470580228853805,0.0,0.0,0.0,0.0,0.0
1670366102146925531,303,1670366102146358198,,-0.5591076209466418,0.0,0.0,0.0,0.0,0.0
1670366102194974920,304,1670366102194366216,,-0.557612626266601,-0.025807931265018003,0.0,0.0,0.0,-0.12951768022767451
1670366102226937975,305,1670366102226353975,,-0.5731668516752161,-0.06585363477772557,0.0,0.0,0.0,-0.33086995435151284
1670366102274937309,306,1670366102274344623,,-0.573290217716949,-0.06452539045042961,0.0,0.0,0.0,-0.3246969814976566
1670366102322923438,307,1670366102322337734,,-0.4385841114009905,-0.04758512958930472,0.0,0.0,0.0,-0.2400037065275806
1670366102354875901,308,1670366102354323772,,-0.5496108505280476,-0.0605050840527568,0.0,0.0,0.0,-0.30576125033366286
1670366102403006679,309,1670366102402376586,,-0.5614290160152824,-0.062098415183324714,0.0,0.0,0.0,-0.314261244444773
1670366102434789031,310,1670366102434213512,,-0.22812438387805115,-0.024698773782150595,0.0,0.0,0.0,-0.12515899326487254
1670366102450663994,311,1670366102450165475,,0.0,0.0,0.0,0.0,0.0,0.0
1670366102482731123,312,1670366102482225457,,-0.6561398173701513,-0.07395633826825478,0.0,0.0,0.0,-0.37531568987247726
1670366102530886438,313,1670366102530293549,,-0.8661167508598185,-0.09779538747507367,0.0,0.0,0.0,-0.49672756246839006
1670366102562928160,314,1670366102562332271,,-0.5340036925392475,-0.05854738343959254,0.0,0.0,0.0,-0.2986665288744138
1670366102610917308,315,1670366102610295623,,-0.5344422704918854,-0.05707438260630683,0.0,0.0,0.0,-0.29170205822194956
1670366102642806753,316,1670366102642219105,,-0.21041551144230525,-0.02236604837353319,0.0,0.0,0.0,-0.11444740194344856
1670366102658724975,317,1670366102658171494,,0.0,0.0,0.0,0.0,0.0,0.0
1670366102690808753,318,1670366102690269290,,-0.6305237347853091,-0.05187251605499015,0.0,0.0,0.0,-0.26753079157863574
1670366102738823512,319,1670366102738261012,,-0.8356460790396643,-0.06375340612495707,0.0,0.0,0.0,-0.32980844601880743
1670366102770821549,320,1670366102770261142,,-0.5129685821584805,-0.025324014822648976,0.0,0.0,0.0,-0.13388528858596116
1670366102818887345,321,1670366102818303179,,-0.513160384229156,-0.020436921457510995,0.0,0.0,0.0,-0.10955171277452583
1670366102866842253,322,1670366102866255901,,-0.41070092563931604,-0.013030946484875433,0.0,0.0,0.0,-0.07115373512556568
1670366102898760327,323,1670366102898225790,,-0.5136374708381164,-0.012998945797381267,0.0,0.0,0.0,-0.07260420465057614
1670366102946791938,324,1670366102946235845,,-0.5075939803133299,-0.010598669912382366,0.0,0.0,0.0,-0.06057234170903987
1670366102978768308,325,1670366102978226864,,-0.5075306667771663,-0.008113771601119417,0.0,0.0,0.0,-0.048223825423569136
1670366103026633438,326,1670366103026152901,,-0.5077267295934359,-0.006757256311345357,0.0,0.0,0.0,-0.04148479165036958
1670366103074807012,327,1670366103074223845,,-0.40482192377330617,-0.004180519435358923,0.0,0.0,0.0,-0.027080589705639722
1670366103106759475,328,1670366103106197364,,-0.5045341497481445,-0.004204745312738977,0.0,0.0,0.0,-0.028766810214746308
1670366103154757475,329,1670366103154195586,,-0.5107328381956091,-0.0036699112373181097,0.0,0.0,0.0,-0.026218119299213777
1670366103186754493,330,1670366103186178123,,-0.5197722715308616,-0.002972134979411231,0.0,0.0,0.0,-0.022908053856253188
1670366103234849123,331,1670366103234223641,,-0.5257219936554394,-0.0025368360780425934,0.0,0.0,0.0,-0.020848749435849134
1670366103282786289,332,1670366103282196678,,-0.4349801250861006,-0.0016574161083767179,0.0,0.0,0.0,-0.015067249852564663
1670366103314718549,333,1670366103314169289,,-0.544019349764661,-0.0019152675102863965,0.0,0.0,0.0,-0.018090890611596327
1670366103362854252,334,1670366103362206678,,-0.5438614286886938,-0.005911595828134847,0.0,0.0,0.0,-0.03817031444430846
1670366103394746493,335,1670366103394181086,,-0.5525228754393402,-0.019607071021026566,0.0,0.0,0.0,-0.10713338392542004
1670366103442700771,336,1670366103442159475,,-0.5583540151708865,-0.02862240089567138,0.0,0.0,0.0,-0.15261911383401783
1670366103490701141,337,1670366103490129049,,-0.44626385318581707,-0.030257985273243075,0.0,0.0,0.0,-0.15928109303755944
1670366103522694919,338,1670366103522135067,,-0.5482018841513707,-0.04346411325544125,0.0,0.0,0.0,-0.2276575479969581
1670366103570690993,339,1670366103570112623,,-0.5358503351129382,-0.04586873214386779,0.0,0.0,0.0,-0.2398354724825873
1670366103602543160,340,1670366103602011974,,-0.21068994314528508,-0.018923557714095516,0.0,0.0,0.0,-0.09886044851692372
1670366103618543697,341,1670366103618021567,,0.0,0.0,0.0,0.0,0.0,0.0
1670366103650631549,342,1670366103650087363,,-0.6651983376667586,-0.06931642642082224,0.0,0.0,0.0,-0.3607065905732601
1670366103698721086,343,1670366103698122808,,-0.887406375572466,-0.09320783350076697,0.0,0.0,0.0,-0.4853457350280798
1670366103730656993,344,1670366103730120974,,-0.5645719230203952,-0.06062942802317528,0.0,0.0,0.0,-0.31667083198694146
1670366103778651252,345,1670366103778083697,,-0.5707840606818928,-0.06134129626787156,0.0,0.0,0.0,-0.32086090193788097
1670366103810501215,346,1670366103809978289,,-0.2284201755672051,-0.024603275324641013,0.0,0.0,0.0,-0.12882921440575923
1670366103826357660,347,1670366103825923178,,0.0,0.0,0.0,0.0,0.0,0.0
1670366103858576697,348,1670366103858045845,,-0.6554096194545624,-0.07391107646980735,0.0,0.0,0.0,-0.3870044735220289
1670366103906649937,349,1670366103906075863,,-0.8654603419565701,-0.09783276288394113,0.0,0.0,0.0,-0.5126661635561756
1670366103938635085,350,1670366103938091011,,-0.5341333584024281,-0.06116367971347773,0.0,0.0,0.0,-0.3215594894336043
1670366103986631845,351,1670366103986055493,,-0.5463340472929147,-0.062318393783802134,0.0,0.0,0.0,-0.32815891862603086
1670366104034690141,352,1670366104034075659,,-0.4504215754880765,-0.05027337322088783,0.0,0.0,0.0,-0.2655516091255647
1670366104066613345,353,1670366104066031030,,-0.561817548082107,-0.06144855050768868,0.0,0.0,0.0,-0.3255939383418386
1670366104114581382,354,1670366104114042178,,-0.5558890426207879,-0.060074531680318746,0.0,0.0,0.0,-0.3190088168414145
1670366104146555678,355,1670366104146009382,,-0.5559810698436222,-0.059215499886821885,0.0,0.0,0.0,-0.3154151225902108
1670366104194589178,356,1670366104194015400,,-0.5559881802624509,-0.05925913189650915,0.0,0.0,0.0,-0.3161055950111623
1670366104242549678,357,1670366104242012085,,-0.44451558738271946,-0.04830802493500452,0.0,0.0,0.0,-0.2579150274270346
1670366104274792437,358,1670366104274032326,,-0.5554723897975318,-0.0612153922591163,0.0,0.0,0.0,-0.32721732624059896
1670366104322557048,359,1670366104322013344,,-0.5495136698132397,-0.06019561737705362,0.0,0.0,0.0,-0.32236432905309365
1670366104354508604,360,1670366104353980252,,-0.5408899376863241,-0.05849801426586447,0.0,0.0,0.0,-0.3142307169935625
1670366104402551215,361,1670366104401977400,,-0.5408437513177707,-0.05887083918193127,0.0,0.0,0.0,-0.316556359273795
1670366104450552826,362,1670366104449994992,,-0.4324143862080866,-0.04753004590481763,0.0,0.0,0.0,-0.25591588009723165
1670366104482523900,363,1670366104481964400,,-0.5406785577389442,-0.0594019027090433,0.0,0.0,0.0,-0.32048721673526226
1670366104585134141,364,1670366104584561844,,-0.32452608350763984,-0.03566634585448734,0.0,0.0,0.0,-0.19256316833827344
1670366104689112270,365,1670366104688545307,,0.0,0.0,0.0,0.0,0.0,0.0
1670366104793129974,366,1670366104792565566,,0.0,0.0,0.0,0.0,0.0,0.0
1670366104897133474,367,1670366104896557307,,0.0,0.0,0.0,0.0,0.0,0.0
1670366105001122733,368,1670366105000553937,,0.0,0.0,0.0,0.0,0.0,0.0
1670366105105238492,369,1670366105104630103,,0.0,0.0,0.0,0.0,0.0,0.0
1670366105209173307,370,1670366105208603807,,0.0,0.0,0.0,0.0,0.0,0.0
1670366105313148992,371,1670366105312566973,,0.0,0.0,0.0,0.0,0.0,0.0
1670366105417127529,372,1670366105416557196,,0.0,0.0,0.0,0.0,0.0,0.0
1670366105521113825,373,1670366105520559640,,0.0,0.0,0.0,0.0,0.0,0.0
1670366105625131214,374,1670366105624564140,,0.0,0.0,0.0,0.0,0.0,0.0
1670366105729095103,375,1670366105728550547,,0.0,0.0,0.0,0.0,0.0,0.0
1670366105833138992,376,1670366105832586306,,0.0,0.0,0.0,0.0,0.0,0.0
1670366105937178918,377,1670366105936560084,,0.0,0.0,0.0,0.0,0.0,0.0
1670366106041150695,378,1670366106040564473,,0.0,0.0,0.0,0.0,0.0,0.0
1670366106145139232,379,1670366106144563714,,0.0,0.0,0.0,0.0,0.0,0.0
1670366106249235343,380,1670366106248552325,,0.0,0.0,0.0,0.0,0.0,0.0
1670366106353141325,381,1670366106352552806,,0.0,0.0,0.0,0.0,0.0,0.0
1670366106457150788,382,1670366106456587454,,0.0,0.0,0.0,0.0,0.0,0.0
1670366106561118547,383,1670366106560553528,,0.0,0.0,0.0,0.0,0.0,0.0
1670366106665124121,384,1670366106664560065,,0.0,0.0,0.0,0.0,0.0,0.0
1670366106769105084,385,1670366106768552602,,0.0,0.0,0.0,0.0,0.0,0.0
1670366106873133195,386,1670366106872581121,,0.0,0.0,0.0,0.0,0.0,0.0
1670366106977107824,387,1670366106976545565,,0.0,0.0,0.0,0.0,0.0,0.0
1670366107081192861,388,1670366107080584917,,0.0,0.0,0.0,0.0,0.0,0.0
1670366107185107935,389,1670366107184548250,,0.0,0.0,0.0,0.0,0.0,0.0
1670366107289124583,390,1670366107288553120,,0.0,0.0,0.0,0.0,0.0,0.0
1670366107393161324,391,1670366107392552046,,0.0,0.0,0.0,0.0,0.0,0.0
1670366107497246805,392,1670366107496651102,,0.0,0.0,0.0,0.0,0.0,0.0
1670366107601158009,393,1670366107600555750,,0.0,0.0,0.0,0.0,0.0,0.0
1670366107705154435,394,1670366107704576472,,0.0,0.0,0.0,0.0,0.0,0.0
1670366107809155824,395,1670366107808553953,,0.0,0.0,0.0,0.0,0.0,0.0
1670366107913145102,396,1670366107912583027,,0.0,0.0,0.0,0.0,0.0,0.0
1670366108016974490,397,1670366108016496472,,0.0,0.0,0.0,0.0,0.0,0.0
1670366108121183750,398,1670366108120599990,,0.0,0.0,0.0,0.0,0.0,0.0
1670366108225142027,399,1670366108224559953,,0.0,0.0,0.0,0.0,0.0,0.0
1670366108329208527,400,1670366108328567361,,0.0,0.0,0.0,0.0,0.0,0.0
1670366108433161694,401,1670366108432554175,,0.0,0.0,0.0,0.0,0.0,0.0
1670366108537134157,402,1670366108536558601,,0.0,0.0,0.0,0.0,0.0,0.0
1670366108641156786,403,1670366108640551934,,0.0,0.0,0.0,0.0,0.0,0.0
1670366108745163342,404,1670366108744560638,,0.0,0.0,0.0,0.0,0.0,0.0
1670366108849157453,405,1670366108848564101,,0.0,0.0,0.0,0.0,0.0,0.0
1670366108953172582,406,1670366108952589619,,0.0,0.0,0.0,0.0,0.0,0.0
1670366109009691675,407,1670366109009203101,,-16.98983688262037,-1.9268587264385106,0.0,0.0,0.0,-10.398748071962292
1670366109057829879,408,1670366109057254268,,-16.98983688262037,-1.9268587264385106,0.0,0.0,0.0,-10.398748071962292
1670366109089641564,409,1670366109089148545,,0.0,0.0,0.0,0.0,0.0,0.0
1670366109137769916,410,1670366109137223101,,0.0,0.0,0.0,0.0,0.0,0.0
1670366109169768286,411,1670366109169219693,,0.0,0.0,0.0,0.0,0.0,0.0
1670366109217855156,412,1670366109217246527,,0.0,0.0,0.0,0.0,0.0,0.0
1670366109265783564,413,1670366109265218786,,0.0,0.0,0.0,0.0,0.0,0.0
1670366109297754841,414,1670366109297204786,,0.0,0.0,0.0,0.0,0.0,0.0
1670366109345759471,415,1670366109345200804,,0.0,0.0,0.0,0.0,0.0,0.0
1670366109377728934,416,1670366109377181897,,0.0,0.0,0.0,0.0,0.0,0.0
1670366109425833656,417,1670366109425223823,,0.0,0.0,0.0,0.0,0.0,0.0
1670366109473746249,418,1670366109473180601,,0.0,0.0,0.0,0.0,0.0,0.0
1670366109505748823,419,1670366109505170397,,0.0,0.0,0.0,0.0,0.0,0.0
1670366109553742545,420,1670366109553181712,,0.0,0.0,0.0,0.0,0.0,0.0
1670366109585599489,421,1670366109585049841,,0.0,0.0,0.0,0.0,0.0,0.0
1670366109601504101,422,1670366109601026823,,0.0,0.0,0.0,0.0,0.0,0.0
1670366109633731712,423,1670366109633170489,,0.0,0.0,0.0,0.0,0.0,0.0
1670366109681704175,424,1670366109681154786,,0.0,0.0,0.0,0.0,0.0,0.0
1670366109713735508,425,1670366109713161508,,0.0,0.0,0.0,0.0,0.0,0.0
1670366109761697360,426,1670366109761138286,,0.006042901641057351,-0.00016668027506243593,0.0,0.0,0.0,4.6534030561865354e-05
1670366109809699730,427,1670366109809126249,,0.006042901641057351,-0.00016668027506243593,0.0,0.0,0.0,4.6534030561865354e-05
1670366109841665767,428,1670366109841125860,,0.009058121569365437,-0.00024984784076879696,0.0,0.0,0.0,6.97530640201507e-05
1670366109889650193,429,1670366109889102026,,0.0271900604787191,-0.0007499750410139081,0.0,0.0,0.0,0.000209380058772921
1670366109921689730,430,1670366109921112748,,0.054351054099060755,-0.0014991384563828964,0.0,0.0,0.0,0.0004185362829002302
1670366109969660434,431,1670366109969109989,,0.0603791855882428,-0.0016653972030862554,0.0,0.0,0.0,0.0004649565712804908
1670366110017507415,432,1670366110017022989,,0.04834640161088777,-0.0013334886798071007,0.0,0.0,0.0,0.0003722967889543647
1670366110049698063,433,1670366110049109156,,0.06942769763343923,-0.0019149272853920853,0.0,0.0,0.0,0.0005346356249149184
1670366110097683471,434,1670366110097088804,,0.08149304082175723,-0.0022476858211702934,0.0,0.0,0.0,0.0006275461228355164
1670366110129635637,435,1670366110129080971,,0.09060987451391038,-0.002499095110362749,0.0,0.0,0.0,0.0006977512937236959
1670366110177617545,436,1670366110177064341,,0.09060703550104193,-0.002498982892471208,0.0,0.0,0.0,0.0006977294243954123
1670366110225665656,437,1670366110225074563,,0.07852509623222362,-0.002165715744603274,0.0,0.0,0.0,0.0006046911157358523
1670366110257485545,438,1670366110256992267,,0.11487221967302827,-0.0031681020149465448,0.0,0.0,0.0,0.0008845861124711892
1670366110305618896,439,1670366110305056452,,0.12087568088649536,-0.003333619225011265,0.0,0.0,0.0,0.0009308164117144571
1670366110337596045,440,1670366110337043452,,0.12077902008735035,-0.0033308629602640588,0.0,0.0,0.0,0.0009300720454524582
1670366110385569933,441,1670366110385031007,,0.13291482044936329,-0.0036654751628492546,0.0,0.0,0.0,0.0010235250875663777
1670366110433619711,442,1670366110433037637,,0.11476514087215549,-0.003164868672840334,0.0,0.0,0.0,0.0008837614809783772
1670366110465562748,443,1670366110465017581,,0.15405486068498525,-0.0042482247892129885,0.0,0.0,0.0,0.0011863162241827377
1670366110513631674,444,1670366110513048470,,0.1661084777622462,-0.0045805178841093145,0.0,0.0,0.0,0.0012791363937601748
1670366110545451341,445,1670366110544959674,,0.16625805794957327,-0.004584471398598473,0.0,0.0,0.0,0.0012802882159247155
1670366110593546341,446,1670366110593006211,,0.17229681449697645,-0.004750865528147767,0.0,0.0,0.0,0.001326790290279578
1670366110641606655,447,1670366110641010007,,0.14492409705906556,-0.003995957809001874,0.0,0.0,0.0,0.0011160036838437281
1670366110673535822,448,1670366110672985730,,0.19030514697617695,-0.005247039514356397,0.0,0.0,0.0,0.0014654653247020357
1670366110721560989,449,1670366110720986489,,0.20239884928189827,-0.005606291141301843,0.0,0.0,0.0,0.0014283416343781239
1670366110753409822,450,1670366110752871063,,0.08457580728786931,-0.0023577496451692593,0.0,0.0,0.0,0.0005210325912885309
1670366110769280322,451,1670366110768821915,,0.0,0.0,0.0,0.0,0.0,0.0
1670366110801530841,452,1670366110800971452,,0.25273118550809065,-0.007278034385034148,0.0,0.0,0.0,0.00038925033834321505
1670366110849504285,453,1670366110848943711,,0.3494166568819988,-0.010062295116811377,0.0,0.0,0.0,0.0005381629147499071
1670366110881192692,454,1670366110880801322,,0.2329362826882736,-0.006707854331402995,0.0,0.0,0.0,0.0003587627112443868
1670366110929571322,455,1670366110928971322,,0.23870854763704813,-0.006874029263805686,0.0,0.0,0.0,0.00036765300903974997
1670366110961413211,456,1670366110960859026,,0.1024577363226827,-0.0029504356641799198,0.0,0.0,0.0,0.00015780287420205527
1670366110977278026,457,1670366110976818118,,0.0,0.0,0.0,0.0,0.0,0.0
1670366111009221470,458,1670366111008814322,,0.3076780813603738,-0.008860004716629977,0.0,0.0,0.0,0.000473878175918094
1670366111057609766,459,1670366111057002618,,0.41011590216834126,-0.011809785410271204,0.0,0.0,0.0,0.0006316503731260573
1670366111089408859,460,1670366111088879766,,0.27510095681855073,-0.007179630632430682,0.0,0.0,0.0,0.00414627402980179
1670366111137535785,461,1670366111136925248,,0.28740332193286516,-0.005596556317525091,0.0,0.0,0.0,0.013880936407804873
1670366111185483748,462,1670366111184900581,,0.22956871223257624,-0.0033667680287024805,0.0,0.0,0.0,0.016611046951129176
1670366111217509118,463,1670366111216908248,,0.29603662402430564,-0.005265484687286813,0.0,0.0,0.0,0.01676319609309093
1670366111265468451,464,1670366111264891655,,0.30809098682793756,-0.005745154590838723,0.0,0.0,0.0,0.016101217232049696
1670366111297474933,465,1670366111296887137,,0.317213089011916,-0.006372745568473535,0.0,0.0,0.0,0.014262820122584317
1670366111345475655,466,1670366111344891414,,0.3171900981051302,-0.00664238048418774,0.0,0.0,0.0,0.012894577479904952
1670366111393481803,467,1670366111392878192,,0.25976134185906596,-0.005750994741331172,0.0,0.0,0.0,0.008986197719577677
1670366111425457340,468,1670366111424865711,,0.3414290423159474,-0.007837806795266196,0.0,0.0,0.0,0.010399096111058102
1670366111473448470,469,1670366111472869266,,0.3474417173802343,-0.008184848627774653,0.0,0.0,0.0,0.009524084671971071
1670366111577170118,470,1670366111576563192,,0.13891411871621237,-0.0033486701046066708,0.0,0.0,0.0,0.0034227954082931087
1670366111681232081,471,1670366111680607025,,0.0,0.0,0.0,0.0,0.0,0.0
1670366111785166155,472,1670366111784556581,,0.0,0.0,0.0,0.0,0.0,0.0
1670366111889160766,473,1670366111888561840,,0.0,0.0,0.0,0.0,0.0,0.0
1670366111993162358,474,1670366111992556914,,0.0,0.0,0.0,0.0,0.0,0.0
1670366112097198969,475,1670366112096569173,,0.0,0.0,0.0,0.0,0.0,0.0
1670366112201163710,476,1670366112200561303,,0.0,0.0,0.0,0.0,0.0,0.0
1670366112305246414,477,1670366112304608136,,0.0,0.0,0.0,0.0,0.0,0.0
1670366112409155173,478,1670366112408558506,,0.0,0.0,0.0,0.0,0.0,0.0
1670366112513265691,479,1670366112512558673,,0.0,0.0,0.0,0.0,0.0,0.0
1670366112617179247,480,1670366112616568414,,0.0,0.0,0.0,0.0,0.0,0.0
1670366112721163191,481,1670366112720561913,,0.0,0.0,0.0,0.0,0.0,0.0
1670366112825297728,482,1670366112824659321,,0.0,0.0,0.0,0.0,0.0,0.0
1670366112929176062,483,1670366112928568136,,0.0,0.0,0.0,0.0,0.0,0.0
1670366113033197839,484,1670366113032576969,,0.0,0.0,0.0,0.0,0.0,0.0
1670366113137188969,485,1670366113136565191,,0.0,0.0,0.0,0.0,0.0,0.0
1670366113241192839,486,1670366113240589821,,0.0,0.0,0.0,0.0,0.0,0.0
1670366113345171432,487,1670366113344561358,,0.0,0.0,0.0,0.0,0.0,0.0
1670366113449142487,488,1670366113448553376,,0.0,0.0,0.0,0.0,0.0,0.0
1670366113553183617,489,1670366113552561709,,0.0,0.0,0.0,0.0,0.0,0.0
1670366113657161154,490,1670366113656557468,,0.0,0.0,0.0,0.0,0.0,0.0
1670366113761156172,491,1670366113760559283,,0.0,0.0,0.0,0.0,0.0,0.0
1670366113865166246,492,1670366113864561468,,0.0,0.0,0.0,0.0,0.0,0.0
1670366113969296931,493,1670366113968623302,,0.0,0.0,0.0,0.0,0.0,0.0
1670366114073231357,494,1670366114072589542,,0.0,0.0,0.0,0.0,0.0,0.0
1670366114177172764,495,1670366114176562413,,0.0,0.0,0.0,0.0,0.0,0.0
1670366114281203376,496,1670366114280571653,,0.0,0.0,0.0,0.0,0.0,0.0
1670366114385195764,497,1670366114384565190,,0.0,0.0,0.0,0.0,0.0,0.0
1670366114489160098,498,1670366114488556042,,0.0,0.0,0.0,0.0,0.0,0.0
1670366114593155079,499,1670366114592559838,,0.0,0.0,0.0,0.0,0.0,0.0
1670366114697169912,500,1670366114696558857,,0.0,0.0,0.0,0.0,0.0,0.0
1670366114801160042,501,1670366114800555097,,0.0,0.0,0.0,0.0,0.0,0.0
1670366114905175912,502,1670366114904559931,,0.0,0.0,0.0,0.0,0.0,0.0
1670366115009236727,503,1670366115008591671,,0.0,0.0,0.0,0.0,0.0,0.0
1670366115113265449,504,1670366115112635319,,0.0,0.0,0.0,0.0,0.0,0.0
1670366115217227968,505,1670366115216584060,,0.0,0.0,0.0,0.0,0.0,0.0
1670366115321194597,506,1670366115320596690,,0.0,0.0,0.0,0.0,0.0,0.0
1670366115425160819,507,1670366115424560449,,0.0,0.0,0.0,0.0,0.0,0.0
1670366115529212486,508,1670366115528603671,,0.0,0.0,0.0,0.0,0.0,0.0
1670366115633182041,509,1670366115632572727,,0.0,0.0,0.0,0.0,0.0,0.0
1670366115737180282,510,1670366115736572967,,0.0,0.0,0.0,0.0,0.0,0.0
1670366115841247967,511,1670366115840595412,,0.0,0.0,0.0,0.0,0.0,0.0
1670366115945209763,512,1670366115944568171,,0.0,0.0,0.0,0.0,0.0,0.0
1670366116049271486,513,1670366116048611004,,0.0,0.0,0.0,0.0,0.0,0.0
1670366116096779097,514,1670366116096129578,,32.93173701263105,-0.8138820595783937,0.0,0.0,0.0,0.710009396592013
1670366116144729393,515,1670366116144118467,,33.26400412010714,-0.8219062004955264,0.0,0.0,0.0,0.716149623020331
1670366116176684411,516,1670366116176095023,,0.8307104174610056,-0.022810595430772792,0.0,0.0,0.0,0.0015339716677867776
1670366116224669985,517,1670366116224086726,,0.8365425062109297,-0.030634913908611457,0.0,0.0,0.0,-0.03691175119304112
1670366116272704726,518,1670366116272088245,,0.6093814913628415,0.17607911121458,0.0,0.0,0.0,0.9684584908302946
1670366116304617856,519,1670366116304060300,,0.684948064728863,0.4863949593285314,0.0,0.0,0.0,2.5324302766082707
1670366116352681726,520,1670366116352076763,,0.6893787487847871,0.4905514880786887,0.0,0.0,0.0,2.549305213556442
1670366116384513596,521,1670366116383946485,,0.27571297919275123,0.19608409935970877,0.0,0.0,0.0,1.0176389242109756
1670366116400478652,522,1670366116399941985,,0.0,0.0,0.0,0.0,0.0,0.0
1670366116432663633,523,1670366116432059041,,0.8293170623073216,0.5797292823170441,0.0,0.0,0.0,3.0034483620499732
1670366116480530393,524,1670366116479999671,,1.1062040118941998,0.7746756623464768,0.0,0.0,0.0,4.008589864982913
1670366116512652226,525,1670366116512043559,,0.6911327582685907,0.4874554243040519,0.0,0.0,0.0,2.5097460737086372
1670366116560665504,526,1670366116560054356,,0.690372035746805,0.4880579706861621,0.0,0.0,0.0,2.5080929460349655
1670366116608597615,527,1670366116608021541,,0.5471762631329716,0.388062774555819,0.0,0.0,0.0,1.9890765590196748
1670366116640626670,528,1670366116640022152,,0.6844809234106823,0.4869904003232499,0.0,0.0,0.0,2.489706109529766
1670366116688598467,529,1670366116688016559,,0.6935602443026252,0.4948456344364557,0.0,0.0,0.0,2.5251405327958096
1670366116720544430,530,1670366116719988337,,0.7066769048096633,0.5081603455082746,0.0,0.0,0.0,2.585594853989762
1670366116768632448,531,1670366116768005318,,0.7586909767641945,0.5495896612862289,0.0,0.0,0.0,2.7906573394578515
1670366116816568781,532,1670366116815987448,,0.6202184768081453,0.4518799313542703,0.0,0.0,0.0,2.2883695591108513
1670366116864585781,533,1670366116863992892,,0.5656673186128158,0.4139305666422504,0.0,0.0,0.0,2.0905302714672995
1670366116896450967,534,1670366116895918041,,0.7006636504811317,0.5170574774496355,0.0,0.0,0.0,2.604403281656232
1670366116944689189,535,1670366116944026726,,0.7090638556481887,0.5251695663886999,0.0,0.0,0.0,2.6402846854081066
1670366116976319818,536,1670366116975809985,,0.2859924758860806,0.21196112226248084,0.0,0.0,0.0,1.0641272086028628
1670366116992291059,537,1670366116991808115,,0.0,0.0,0.0,0.0,0.0,0.0
1670366117024509615,538,1670366117023948948,,0.8296816606789641,0.6097299459492944,0.0,0.0,0.0,3.053655091317684
1670366117072565855,539,1670366117071959355,,1.1086254118964787,0.8117293118137591,0.0,0.0,0.0,4.060477888705206
1670366117104542374,540,1670366117103939985,,0.6961680125599229,0.5069734859072789,0.0,0.0,0.0,2.5234521878455647
1670366117152543078,541,1670366117151928263,,0.7001130545182143,0.5119567133676617,0.0,0.0,0.0,2.5435417687625916
1670366117200544985,542,1670366117199924577,,0.5737118204952487,0.413212318191525,0.0,0.0,0.0,2.0471894876323278
1670366117232527818,543,1670366117231908133,,0.7303752646702972,0.5110015038235327,0.0,0.0,0.0,2.5237803827394854
1670366117280513411,544,1670366117279908911,,0.7403105295160164,0.5072813771885992,0.0,0.0,0.0,2.4994588773056505
1670366117312469874,545,1670366117311902151,,0.7550773906902767,0.5012650176457737,0.0,0.0,0.0,2.460700943320064
1670366117360526448,546,1670366117359916374,,0.7654403102193894,0.4962200774803067,0.0,0.0,0.0,2.4294799476235376
1670366117408503133,547,1670366117407921022,,0.6245177846625335,0.3913215732580499,0.0,0.0,0.0,1.908605960067774
1670366117440529133,548,1670366117439936948,,0.7976200373277049,0.4786221577920039,0.0,0.0,0.0,2.3242858517939617
1670366117488478355,549,1670366117487873151,,0.8165324036190122,0.4713794330236182,0.0,0.0,0.0,2.280937865023266
1670366117520454688,550,1670366117519864540,,0.8378672699438616,0.45222003869983,0.0,0.0,0.0,2.174852402136363
1670366117568483281,551,1670366117567869188,,0.8476449186172108,0.43261839144896364,0.0,0.0,0.0,2.070366672931262
1670366117616446985,552,1670366117615850614,,0.6979110944425713,0.3334036794500695,0.0,0.0,0.0,1.5848681209728315
1670366117648465244,553,1670366117647848874,,0.8851613390408442,0.40396004068842206,0.0,0.0,0.0,1.908802657357871
1670366117696485114,554,1670366117695853781,,0.8900595896596482,0.3928704393687622,0.0,0.0,0.0,1.8478278428133186
1670366117728380096,555,1670366117727752540,,0.36072275712845997,0.15530153495788887,0.0,0.0,0.0,0.7278556705337194
1670366117744173022,556,1670366117743695077,,0.0,0.0,0.0,0.0,0.0,0.0
1670366117776467373,557,1670366117775873577,,1.1138412455247706,0.44587408858060845,0.0,0.0,0.0,2.0716953501350117
1670366117824395281,558,1670366117823807540,,1.4915365958415676,0.5928585149185317,0.0,0.0,0.0,2.7486259988207493
1670366117856444244,559,1670366117855825873,,0.9466941176578108,0.3589611652777591,0.0,0.0,0.0,1.6460274403717379
1670366117904386003,560,1670366117903800466,,0.9555996121245456,0.351498732547181,0.0,0.0,0.0,1.6028273426023016
1670366117936320855,561,1670366117935708151,,0.3866008447835318,0.13952199360734513,0.0,0.0,0.0,0.6337305509163013
1670366117952194725,562,1670366117951661059,,0.0,0.0,0.0,0.0,0.0,0.0
1670366117984369577,563,1670366117983785466,,1.1849782915658609,0.3879922853156978,0.0,0.0,0.0,1.7371657796945175
1670366118032497244,564,1670366118031838558,,1.5828867013890244,0.5114653802987833,0.0,0.0,0.0,2.282401870489501
1670366118064390410,565,1670366118063794707,,1.0151143994350456,0.30754371450986473,0.0,0.0,0.0,1.350734570126884
1670366118112370095,566,1670366118111780077,,1.0237085699351496,0.30123040722012556,0.0,0.0,0.0,1.3137391496605428
1670366118160401373,567,1670366118159777207,,0.8259258076282001,0.23287272699772252,0.0,0.0,0.0,1.0048961635130982
1670366118192339966,568,1670366118191767392,,1.0512810128931687,0.2787603447820822,0.0,0.0,0.0,1.185669891639295
1670366118240386336,569,1670366118239773929,,1.0539601395607687,0.2683173417418316,0.0,0.0,0.0,1.1293453668279174
1670366118272368632,570,1670366118271765299,,1.065927638528992,0.2581799818916517,0.0,0.0,0.0,1.071164650189127
1670366118320300558,571,1670366118319720929,,1.0806717954383807,0.24979092323550794,0.0,0.0,0.0,1.0228550722991825
1670366118368344003,572,1670366118367738743,,0.8747248118574833,0.1868466092311558,0.0,0.0,0.0,0.7476959722091108
1670366118400302188,573,1670366118399719503,,1.1058741742086684,0.21676522397855047,0.0,0.0,0.0,0.8438808985115609
1670366118448331669,574,1670366118447727910,,1.1141256304238354,0.20649986971607776,0.0,0.0,0.0,0.7880428452328603
1670366118480313632,575,1670366118479715521,,1.1257516971355959,0.19309149868066086,0.0,0.0,0.0,0.7146554196081626
1670366118528315410,576,1670366118527714447,,1.1272729726015378,0.18364136118042423,0.0,0.0,0.0,0.664754937718702
1670366118629176836,577,1670366118628577280,,0.4476510326566712,0.0702502398604647,0.0,0.0,0.0,0.2499360465578156
1670366118733151614,578,1670366118732557188,,0.0,0.0,0.0,0.0,0.0,0.0
1670366118837227910,579,1670366118836592984,,0.0,0.0,0.0,0.0,0.0,0.0
1670366118941165151,580,1670366118940570410,,0.0,0.0,0.0,0.0,0.0,0.0
1670366119045177817,581,1670366119044576910,,0.0,0.0,0.0,0.0,0.0,0.0
1670366119149153669,582,1670366119148565539,,0.0,0.0,0.0,0.0,0.0,0.0
1670366119253172447,583,1670366119252595761,,0.0,0.0,0.0,0.0,0.0,0.0
1670366119357127280,584,1670366119356556632,,0.0,0.0,0.0,0.0,0.0,0.0
1670366119461138761,585,1670366119460561928,,0.0,0.0,0.0,0.0,0.0,0.0
1670366119565182539,586,1670366119564599169,,0.0,0.0,0.0,0.0,0.0,0.0
1670366119669137780,587,1670366119668554428,,0.0,0.0,0.0,0.0,0.0,0.0
1670366119773129743,588,1670366119772554539,,0.0,0.0,0.0,0.0,0.0,0.0
1670366119877225743,589,1670366119876616928,,0.0,0.0,0.0,0.0,0.0,0.0
1670366119981142909,590,1670366119980557928,,0.0,0.0,0.0,0.0,0.0,0.0
1670366120085184372,591,1670366120084575483,,0.0,0.0,0.0,0.0,0.0,0.0
1670366120189155909,592,1670366120188564391,,0.0,0.0,0.0,0.0,0.0,0.0
1670366120293198483,593,1670366120292607446,,0.0,0.0,0.0,0.0,0.0,0.0
1670366120397133483,594,1670366120396559150,,0.0,0.0,0.0,0.0,0.0,0.0
1670366120501121038,595,1670366120500554316,,0.0,0.0,0.0,0.0,0.0,0.0
1670366120605137575,596,1670366120604557853,,0.0,0.0,0.0,0.0,0.0,0.0
1670366120709134149,597,1670366120708560316,,0.0,0.0,0.0,0.0,0.0,0.0
1670366120813112057,598,1670366120812552983,,0.0,0.0,0.0,0.0,0.0,0.0
1670366120917202057,599,1670366120916589075,,0.0,0.0,0.0,0.0,0.0,0.0
1670366121021082890,600,1670366121020606760,,0.0,0.0,0.0,0.0,0.0,0.0
1670366121125162927,601,1670366121124568297,,0.0,0.0,0.0,0.0,0.0,0.0
1670366121229183686,602,1670366121228599168,,0.0,0.0,0.0,0.0,0.0,0.0
1670366121333167871,603,1670366121332592723,,0.0,0.0,0.0,0.0,0.0,0.0
1670366121437126464,604,1670366121436557705,,0.0,0.0,0.0,0.0,0.0,0.0
1670366121541150445,605,1670366121540567075,,0.0,0.0,0.0,0.0,0.0,0.0
1670366121645171556,606,1670366121644570797,,0.0,0.0,0.0,0.0,0.0,0.0
1670366121749143760,607,1670366121748561204,,0.0,0.0,0.0,0.0,0.0,0.0
1670366121853141686,608,1670366121852557538,,0.0,0.0,0.0,0.0,0.0,0.0
1670366121957126093,609,1670366121956553593,,0.0,0.0,0.0,0.0,0.0,0.0
1670366122061221223,610,1670366122060614852,,0.0,0.0,0.0,0.0,0.0,0.0
1670366122165142704,611,1670366122164562019,,0.0,0.0,0.0,0.0,0.0,0.0
1670366122269166574,612,1670366122268593019,,0.0,0.0,0.0,0.0,0.0,0.0
1670366122373120723,613,1670366122372558519,,0.0,0.0,0.0,0.0,0.0,0.0
1670366122477137222,614,1670366122476565593,,0.0,0.0,0.0,0.0,0.0,0.0
1670366122581178093,615,1670366122580577334,,0.0,0.0,0.0,0.0,0.0,0.0
1670366122685189778,616,1670366122684608148,,0.0,0.0,0.0,0.0,0.0,0.0
1670366122789124482,617,1670366122788558833,,0.0,0.0,0.0,0.0,0.0,0.0
1670366122893198056,618,1670366122892571722,,0.0,0.0,0.0,0.0,0.0,0.0
1670366122975635852,619,1670366122975027648,,0.26439308740513395,0.039446486937666565,0.0,0.0,0.0,0.13680736199417443
1670366123023526852,620,1670366123022960778,,45.257889794130016,6.446189791466299,0.0,0.0,0.0,21.79416953582621
1670366123055619518,621,1670366123055009555,,45.564917265044016,6.503939860138046,0.0,0.0,0.0,21.90691551100894
1670366123103575037,622,1670366123102988481,,0.94758561105094,0.15572101068891858,0.0,0.0,0.0,0.38599539489496804
1670366123151663870,623,1670366123151022759,,0.7527212983001303,0.11318137664766811,0.0,0.0,0.0,0.25294334345361624
1670366123183538333,624,1670366123182959796,,0.9225345152116128,0.1904284028654426,0.0,0.0,0.0,0.567558712736428
1670366123231511166,625,1670366123230954481,,0.909294588141506,0.22726109289157215,0.0,0.0,0.0,0.7559859683700961
1670366123263487092,626,1670366123262874481,,0.3633163184982182,0.09148961159429302,0.0,0.0,0.0,0.3049285413692231
1670366123279283463,627,1670366123278801796,,0.0,0.0,0.0,0.0,0.0,0.0
1670366123311523778,628,1670366123310945796,,1.069285293119782,0.26531477694181316,0.0,0.0,0.0,0.8748982702172116
1670366123359548444,629,1670366123358952444,,1.4209619399986406,0.35351329527645337,0.0,0.0,0.0,1.1655790492094558
1670366123391496074,630,1670366123390930000,,0.8693601696116344,0.22303642230484683,0.0,0.0,0.0,0.7423177213511322
1670366123439474759,631,1670366123438914611,,0.8679413659591941,0.22867026629891263,0.0,0.0,0.0,0.7693195297053431
1670366123487540055,632,1670366123486932018,,0.6814367060062432,0.18821129835140776,0.0,0.0,0.0,0.6454457837719096
1670366123519474814,633,1670366123518909629,,0.7913889501677562,0.23285503256342585,0.0,0.0,0.0,0.8185575738434991
1670366123567512148,634,1670366123566910963,,0.7427423107745882,0.22697833429443792,0.0,0.0,0.0,0.8087506249253997
1670366123599452796,635,1670366123598889185,,0.6801938432279557,0.2143738465920466,0.0,0.0,0.0,0.7709148182553512
1670366123647468166,636,1670366123646884907,,0.640989110032026,0.1979638588968885,0.0,0.0,0.0,0.7048559255996214
1670366123695479740,637,1670366123694875037,,0.4776135952685955,0.13163734135607277,0.0,0.0,0.0,0.44460048860805723
1670366123727410037,638,1670366123726873333,,0.5444079526383476,0.12592480210008988,0.0,0.0,0.0,0.3850936627992863
1670366123775679203,639,1670366123775018499,,0.5057216915316828,0.1029224446557396,0.0,0.0,0.0,0.28690894161227565
1670366123807607759,640,1670366123806988037,,0.4550888742887188,0.07915567920301048,0.0,0.0,0.0,0.19038190429791807
1670366123855520722,641,1670366123854928611,,0.41502198977671695,0.06582489257139025,0.0,0.0,0.0,0.14159489151232219
1670366123903409166,642,1670366123902854944,,0.2874286066389832,0.041131294261963255,0.0,0.0,0.0,0.07564025744597294
1670366123935430944,643,1670366123934853740,,0.3117318065850343,0.04062143832541544,0.0,0.0,0.0,0.06199430494265665
1670366123983492777,644,1670366123982867333,,0.27583558048352763,0.03410691353150585,0.0,0.0,0.0,0.04562758043591803
1670366124015532333,645,1670366124014925444,,0.2128395497057437,0.02463436422003716,0.0,0.0,0.0,0.02675615429045162
1670366124063451073,646,1670366124062852425,,0.1770008436586909,0.019780738121497235,0.0,0.0,0.0,0.018710584788883006
1670366124111367240,647,1670366124110822018,,0.10223152392504871,0.01098928610763153,0.0,0.0,0.0,0.008622640955377061
1670366124143354055,648,1670366124142802573,,0.08717830407521715,0.009070872896498683,0.0,0.0,0.0,0.0058486010849400204
1670366124191428888,649,1670366124190836388,,0.05111667165318945,0.005240663229425276,0.0,0.0,0.0,0.003038669249930456
1670366124223267499,650,1670366124222701925,,0.006009176471799153,0.0006078802925909208,0.0,0.0,0.0,0.00031614546652725123
1670366124239117518,651,1670366124238656333,,0.0,0.0,0.0,0.0,0.0,0.0
1670366124271368518,652,1670366124270707592,,-0.009004454186751111,-0.0008997225074813916,0.0,0.0,0.0,-0.0004179457553079472
1670366124319374240,653,1670366124318795147,,-0.015009815160267155,-0.0014960525373917963,0.0,0.0,0.0,-0.0006780890571546701
1670366124367382110,654,1670366124366802481,,-0.006005360973516043,-0.0005963300299104047,0.0,0.0,0.0,-0.00026014330184672286
1670366124399309795,655,1670366124398760407,,0.0,0.0,0.0,0.0,0.0,0.0
1670366124447325092,656,1670366124446768740,,0.0,0.0,0.0,0.0,0.0,0.0
1670366124495340721,657,1670366124494774369,,0.0,0.0,0.0,0.0,0.0,0.0
1670366124527323777,658,1670366124526763073,,0.0,0.0,0.0,0.0,0.0,0.0
1670366124575323332,659,1670366124574752851,,0.0,0.0,0.0,0.0,0.0,0.0
1670366124607304795,660,1670366124606745129,,0.0,0.0,0.0,0.0,0.0,0.0
1670366124655293017,661,1670366124654733684,,0.0,0.0,0.0,0.0,0.0,0.0
1670366124703307610,662,1670366124702731943,,0.0,0.0,0.0,0.0,0.0,0.0
1670366124735229851,663,1670366124734690666,,0.0,0.0,0.0,0.0,0.0,0.0
1670366124783298129,664,1670366124782716425,,0.0,0.0,0.0,0.0,0.0,0.0
1670366124815133073,665,1670366124814593628,,0.0,0.0,0.0,0.0,0.0,0.0
1670366124830976666,666,1670366124830540036,,0.0,0.0,0.0,0.0,0.0,0.0
1670366124863275573,667,1670366124862702943,,0.0,0.0,0.0,0.0,0.0,0.0
1670366124911234073,668,1670366124910687017,,0.0,0.0,0.0,0.0,0.0,0.0
1670366124943238610,669,1670366124942684091,,0.0,0.0,0.0,0.0,0.0,0.0
1670366124991312165,670,1670366124990701925,,0.0,0.0,0.0,0.0,0.0,0.0
1670366125039316591,671,1670366125038707425,,0.0,0.0,0.0,0.0,0.0,0.0
1670366125071273517,672,1670366125070682702,,0.0,0.0,0.0,0.0,0.0,0.0
1670366125119206647,673,1670366125118658925,,0.0,0.0,0.0,0.0,0.0,0.0
1670366125151190536,674,1670366125150646647,,0.0,0.0,0.0,0.0,0.0,0.0
1670366125199224295,675,1670366125198644276,,0.0,0.0,0.0,0.0,0.0,0.0
1670366125247338591,676,1670366125246692091,,0.0,0.0,0.0,0.0,0.0,0.0
1670366125279253869,677,1670366125278641443,,0.0,0.0,0.0,0.0,0.0,0.0
1670366125327245684,678,1670366125326653332,,0.0,0.0,0.0,0.0,0.0,0.0
1670366125359218665,679,1670366125358611739,,0.0,0.0,0.0,0.0,0.0,0.0
1670366125407194128,680,1670366125406601887,,0.0,0.0,0.0,0.0,0.0,0.0
1670366125455167406,681,1670366125454583869,,0.0,0.0,0.0,0.0,0.0,0.0
1670366125557167406,682,1670366125556564665,,0.0,0.0,0.0,0.0,0.0,0.0
1670366125661164647,683,1670366125660557295,,0.0,0.0,0.0,0.0,0.0,0.0
1670366125765195480,684,1670366125764563739,,0.0,0.0,0.0,0.0,0.0,0.0
1670366125869168887,685,1670366125868557757,,0.0,0.0,0.0,0.0,0.0,0.0
1670366125973223943,686,1670366125972591220,,0.0,0.0,0.0,0.0,0.0,0.0
1670366126077230054,687,1670366126076591424,,0.0,0.0,0.0,0.0,0.0,0.0
1670366126181225702,688,1670366126180603776,,0.0,0.0,0.0,0.0,0.0,0.0
1670366126285157831,689,1670366126284557905,,0.0,0.0,0.0,0.0,0.0,0.0
1670366126389173016,690,1670366126388557442,,0.0,0.0,0.0,0.0,0.0,0.0
1670366126493198405,691,1670366126492593220,,0.0,0.0,0.0,0.0,0.0,0.0
1670366126597220461,692,1670366126596578720,,0.0,0.0,0.0,0.0,0.0,0.0
1670366126701205905,693,1670366126700574590,,0.0,0.0,0.0,0.0,0.0,0.0
1670366126805226368,694,1670366126804600831,,0.0,0.0,0.0,0.0,0.0,0.0
1670366126909186016,695,1670366126908550275,,0.0,0.0,0.0,0.0,0.0,0.0
1670366127013356109,696,1670366127012728942,,0.0,0.0,0.0,0.0,0.0,0.0
1670366127117208720,697,1670366127116583442,,0.0,0.0,0.0,0.0,0.0,0.0
1670366127221165590,698,1670366127220560609,,0.0,0.0,0.0,0.0,0.0,0.0
1670366127325160183,699,1670366127324557627,,0.0,0.0,0.0,0.0,0.0,0.0
1670366127429166905,700,1670366127428557460,,0.0,0.0,0.0,0.0,0.0,0.0
1670366127533196442,701,1670366127532593219,,0.0,0.0,0.0,0.0,0.0,0.0
1670366127637158756,702,1670366127636555553,,0.0,0.0,0.0,0.0,0.0,0.0
1670366127741145553,703,1670366127740549608,,0.0,0.0,0.0,0.0,0.0,0.0
1670366127845173627,704,1670366127844562867,,0.0,0.0,0.0,0.0,0.0,0.0
1670366127949167034,705,1670366127948554090,,0.0,0.0,0.0,0.0,0.0,0.0
1670366128053272534,706,1670366128052620201,,0.0,0.0,0.0,0.0,0.0,0.0
1670366128157191608,707,1670366128156566978,,0.0,0.0,0.0,0.0,0.0,0.0
1670366128261182201,708,1670366128260560534,,0.0,0.0,0.0,0.0,0.0,0.0
1670366128365168571,709,1670366128364549089,,0.0,0.0,0.0,0.0,0.0,0.0
1670366128469169200,710,1670366128468556737,,0.0,0.0,0.0,0.0,0.0,0.0
1670366128573162200,711,1670366128572562145,,0.0,0.0,0.0,0.0,0.0,0.0
1670366128677217404,712,1670366128676575978,,0.0,0.0,0.0,0.0,0.0,0.0
1670366128781182163,713,1670366128780560830,,0.0,0.0,0.0,0.0,0.0,0.0
1670366128885168237,714,1670366128884561274,,0.0,0.0,0.0,0.0,0.0,0.0
1670366128989173867,715,1670366128988562904,,0.0,0.0,0.0,0.0,0.0,0.0
1670366129093237756,716,1670366129092582904,,0.0,0.0,0.0,0.0,0.0,0.0
1670366129197233589,717,1670366129196608885,,0.0,0.0,0.0,0.0,0.0,0.0
1670366129301172978,718,1670366129300557904,,0.0,0.0,0.0,0.0,0.0,0.0
1670366129405176367,719,1670366129404560681,,0.0,0.0,0.0,0.0,0.0,0.0
1670366129509179607,720,1670366129508566126,,0.0,0.0,0.0,0.0,0.0,0.0
1670366129613166422,721,1670366129612562829,,0.0,0.0,0.0,0.0,0.0,0.0
1670366129717155126,722,1670366129716561459,,0.0,0.0,0.0,0.0,0.0,0.0
1670366129821149922,723,1670366129820555033,,0.0,0.0,0.0,0.0,0.0,0.0
1670366129925156514,724,1670366129924559237,,0.0,0.0,0.0,0.0,0.0,0.0
1670366130029221366,725,1670366130028584199,,0.0,0.0,0.0,0.0,0.0,0.0
1670366130078372329,726,1670366130077837811,,0.0,0.0,0.0,0.0,0.0,0.0
1670366130126514459,727,1670366130125892255,,0.0,0.0,0.0,0.0,0.0,0.0
1670366130158446885,728,1670366130157859662,,0.0,0.0,0.0,0.0,0.0,0.0
1670366130206510533,729,1670366130205930792,,0.0,0.0,0.0,0.0,0.0,0.0
1670366130254485885,730,1670366130253872755,,0.0,0.0,0.0,0.0,0.0,0.0
1670366130286476607,731,1670366130285893959,,0.0,0.0,0.0,0.0,0.0,0.0
1670366130334368440,732,1670366130333808255,,0.0,0.0,0.0,0.0,0.0,0.0
1670366130366226384,733,1670366130365690699,,0.0,0.0,0.0,0.0,0.0,0.0
1670366130382178144,734,1670366130381689718,,0.0,0.0,0.0,0.0,0.0,0.0
1670366130414351421,735,1670366130413795181,,0.0,0.0,0.0,0.0,0.0,0.0
1670366130462335810,736,1670366130461788144,,0.0,0.0,0.0,0.0,0.0,0.0
1670366130494419384,737,1670366130493787755,,0.0,0.0,0.0,0.0,0.0,0.0
1670366130542353718,738,1670366130541783125,,0.0,0.0,0.0,0.0,0.0,0.0
1670366130590357440,739,1670366130589789069,,0.0,0.0,0.0,0.0,0.0,0.0
1670366130622330977,740,1670366130621759532,,0.0,0.0,0.0,0.0,0.0,0.0
1670366130670315958,741,1670366130669754421,,0.0,0.0,0.0,0.0,0.0,0.0
1670366130702299329,742,1670366130701749310,,0.0,0.0,0.0,0.0,0.0,0.0
1670366130750257736,743,1670366130749731106,,0.0,0.0,0.0,0.0,0.0,0.0
1670366130798320125,744,1670366130797744680,,0.0,0.0,0.0,0.0,0.0,0.0
1670366130830286662,745,1670366130829726458,,0.0,0.0,0.0,0.0,0.0,0.0
1670366130878285329,746,1670366130877724403,,0.0,0.0,0.0,0.0,0.0,0.0
1670366130910167421,747,1670366130909655810,,0.0,0.0,0.0,0.0,0.0,0.0
1670366130958389829,748,1670366130957751366,,0.0,0.0,0.0,0.0,0.0,0.0
1670366131006441458,749,1670366131005810014,,0.0,0.0,0.0,0.0,0.0,0.0
1670366131038308866,750,1670366131037730588,,0.0,0.0,0.0,0.0,0.0,0.0
1670366131086287643,751,1670366131085706236,,0.0,0.0,0.0,0.0,0.0,0.0
1670366131118280069,752,1670366131117704384,,0.0,0.0,0.0,0.0,0.0,0.0
1670366131166324217,753,1670366131165738236,,0.0,0.0,0.0,0.0,0.0,0.0
1670366131214258365,754,1670366131213679495,,0.0,0.0,0.0,0.0,0.0,0.0
1670366131246187828,755,1670366131245657828,,0.0,0.0,0.0,0.0,0.0,0.0
1670366131294243736,756,1670366131293670180,,0.0,0.0,0.0,0.0,0.0,0.0
1670366131326109069,757,1670366131325554088,,0.0,0.0,0.0,0.0,0.0,0.0
1670366131342035051,758,1670366131341523810,,0.0,0.0,0.0,0.0,0.0,0.0
1670366131374177939,759,1670366131373638143,,0.0,0.0,0.0,0.0,0.0,0.0
1670366131422199032,760,1670366131421642106,,0.0,0.0,0.0,0.0,0.0,0.0
1670366131454140310,761,1670366131453615791,,0.0,0.0,0.0,0.0,0.0,0.0
1670366131502221976,762,1670366131501636532,,0.0,0.0,0.0,0.0,0.0,0.0
1670366131550186236,763,1670366131549624921,,0.0,0.0,0.0,0.0,0.0,0.0
1670366131582235050,764,1670366131581625921,,0.0,0.0,0.0,0.0,0.0,0.0
1670366131630141532,765,1670366131629588976,,0.0,0.0,0.0,0.0,0.0,0.0
1670366131662194754,766,1670366131661627513,,0.0,0.0,0.0,0.0,0.0,0.0
1670366131710172939,767,1670366131709609402,,0.0,0.0,0.0,0.0,0.0,0.0
1670366131758170550,768,1670366131757590161,,0.0,0.0,0.0,0.0,0.0,0.0
1670366131790127698,769,1670366131789577569,,0.0,0.0,0.0,0.0,0.0,0.0
1670366131838146902,770,1670366131837575013,,0.0,0.0,0.0,0.0,0.0,0.0
1670366131870145680,771,1670366131869547772,,0.0,0.0,0.0,0.0,0.0,0.0
1670366131918137235,772,1670366131917560458,,0.0,0.0,0.0,0.0,0.0,0.0
1670366131966105754,773,1670366131965558717,,0.0,0.0,0.0,0.0,0.0,0.0
1670366131998120958,774,1670366131997552291,,0.0,0.0,0.0,0.0,0.0,0.0
1670366132046156569,775,1670366132045593235,,0.0,0.0,0.0,0.0,0.0,0.0
1670366132078151124,776,1670366132077615383,,0.0,0.0,0.0,0.0,0.0,0.0
1670366132126030939,777,1670366132125434791,,0.0,0.0,0.0,0.0,0.0,0.0
1670366132141993198,778,1670366132141424013,,0.0,0.0,0.0,0.0,0.0,0.0
1670366132174091513,779,1670366132173522754,,0.0,0.0,0.0,0.0,0.0,0.0
1670366132222136624,780,1670366132221519513,,0.0,0.0,0.0,0.0,0.0,0.0
1670366132254078846,781,1670366132253494217,,0.0,0.0,0.0,0.0,0.0,0.0
1670366132302138717,782,1670366132301528143,,0.0,0.0,0.0,0.0,0.0,0.0
1670366132350026643,783,1670366132349472087,,0.0,0.0,0.0,0.0,0.0,0.0
1670366132382051624,784,1670366132381479698,,0.0,0.0,0.0,0.0,0.0,0.0
1670366132430062717,785,1670366132429464439,,0.0,0.0,0.0,0.0,0.0,0.0
1670366132462034068,786,1670366132461459865,,0.0,0.0,0.0,0.0,0.0,0.0
1670366132510056624,787,1670366132509472531,,0.0,0.0,0.0,0.0,0.0,0.0
1670366132613125568,788,1670366132612564328,,0.0,0.0,0.0,0.0,0.0,0.0
1670366132717163402,789,1670366132716558994,,0.0,0.0,0.0,0.0,0.0,0.0
1670366132821169179,790,1670366132820578179,,0.0,0.0,0.0,0.0,0.0,0.0
1670366132925163401,791,1670366132924559864,,0.0,0.0,0.0,0.0,0.0,0.0
1670366133029088975,792,1670366133028555957,,0.0,0.0,0.0,0.0,0.0,0.0
1670366133133228327,793,1670366133132623938,,0.0,0.0,0.0,0.0,0.0,0.0
1670366133237141161,794,1670366133236562679,,0.0,0.0,0.0,0.0,0.0,0.0
1670366133341195457,795,1670366133340599142,,0.0,0.0,0.0,0.0,0.0,0.0
1670366133445126420,796,1670366133444556105,,0.0,0.0,0.0,0.0,0.0,0.0
1670366133549186827,797,1670366133548596401,,0.0,0.0,0.0,0.0,0.0,0.0
1670366133653154845,798,1670366133652569642,,0.0,0.0,0.0,0.0,0.0,0.0
1670366133757181105,799,1670366133756603994,,0.0,0.0,0.0,0.0,0.0,0.0
1670366133861131290,800,1670366133860561753,,0.0,0.0,0.0,0.0,0.0,0.0
1670366133965211067,801,1670366133964588345,,0.0,0.0,0.0,0.0,0.0,0.0
1670366134069218234,802,1670366134068595123,,0.0,0.0,0.0,0.0,0.0,0.0
1670366134173200345,803,1670366134172602475,,0.0,0.0,0.0,0.0,0.0,0.0
1670366134277182808,804,1670366134276573271,,0.0,0.0,0.0,0.0,0.0,0.0
1670366134381225771,805,1670366134380595271,,0.0,0.0,0.0,0.0,0.0,0.0
1670366134485155234,806,1670366134484566178,,0.0,0.0,0.0,0.0,0.0,0.0
1670366134589187863,807,1670366134588602123,,0.0,0.0,0.0,0.0,0.0,0.0
1670366134693156771,808,1670366134692568382,,0.0,0.0,0.0,0.0,0.0,0.0
1670366134797154623,809,1670366134796563437,,0.0,0.0,0.0,0.0,0.0,0.0
1670366134901124493,810,1670366134900550808,,0.0,0.0,0.0,0.0,0.0,0.0
1670366135005336215,811,1670366135004618104,,0.0,0.0,0.0,0.0,0.0,0.0
1670366135109182085,812,1670366135108579900,,0.0,0.0,0.0,0.0,0.0,0.0
1670366135213145270,813,1670366135212557733,,0.0,0.0,0.0,0.0,0.0,0.0
1670366135317130085,814,1670366135316565585,,0.0,0.0,0.0,0.0,0.0,0.0
1670366135421124993,815,1670366135420563437,,0.0,0.0,0.0,0.0,0.0,0.0
1670366135525173641,816,1670366135524601418,,0.0,0.0,0.0,0.0,0.0,0.0
1670366135629195585,817,1670366135628609289,,0.0,0.0,0.0,0.0,0.0,0.0
1670366135733119974,818,1670366135732560622,,0.0,0.0,0.0,0.0,0.0,0.0
1670366135837110826,819,1670366135836558752,,0.0,0.0,0.0,0.0,0.0,0.0
1670366135941184400,820,1670366135940588714,,0.0,0.0,0.0,0.0,0.0,0.0
1670366136045230955,821,1670366136044627196,,0.0,0.0,0.0,0.0,0.0,0.0
1670366136149172677,822,1670366136148604381,,0.0,0.0,0.0,0.0,0.0,0.0
